File,CEGAR,Cheetah,S52SAT,LCK,KSP
QS51_8_1.cnf_0.01_1_1.intohylo,0.1137151718139648,0.1450476646423339,0.8518457412719727,-1.0,-1.0
QS51_8_1.cnf_0.01_1_2.intohylo,0.1550295352935791,0.1739027500152588,1.1175498962402344,-1.0,-1.0
QS51_8_1.cnf_0.01_3_1.intohylo,0.1016309261322021,0.1979873180389404,0.8079323768615723,-1.0,-1.0
QS51_8_1.cnf_0.01_3_2.intohylo,0.1186072826385498,0.1759274005889892,0.9103012084960938,-1.0,-1.0
QS51_8_1.cnf_0.05_1_1.intohylo,0.1266212463378906,0.2376589775085449,6.542418479919434,-1.0,-1.0
QS51_8_1.cnf_0.05_1_2.intohylo,0.1239840984344482,0.2023265361785888,5.973994016647339,-1.0,-1.0
QS51_8_1.cnf_0.05_3_1.intohylo,0.1210658550262451,0.2616658210754394,5.92280387878418,-1.0,-1.0
QS51_8_1.cnf_0.05_3_2.intohylo,0.1281898021697998,0.2427012920379638,7.102871417999268,-1.0,-1.0
QS51_8_1.cnf_0.0_0_1.intohylo,0.1104757785797119,0.1344697475433349,0.5838234424591064,-1.0,-1.0
QS51_8_1.cnf_0.1_1_1.intohylo,0.1867120265960693,1.4945919513702393,31.88084936141968,-1.0,-1.0
QS51_8_1.cnf_0.1_1_2.intohylo,0.2032163143157959,0.8942463397979736,-1.0,-1.0,-1.0
QS51_8_1.cnf_1.0_1_1.intohylo,4.073801279067993,2.0964608192443848,-1.0,-1.0,-1.0
QS51_8_2.cnf_0.01_1_1.intohylo,0.3049495220184326,0.6641223430633545,4.001282215118408,-1.0,-1.0
QS51_8_2.cnf_0.01_1_2.intohylo,0.2592871189117431,0.6059215068817139,3.336806058883667,-1.0,-1.0
QS51_8_2.cnf_0.01_3_1.intohylo,0.279426097869873,0.848116397857666,3.224460363388061,-1.0,-1.0
QS51_8_2.cnf_0.01_3_2.intohylo,0.2735440731048584,0.8422515392303467,3.5638017654418945,-1.0,-1.0
QS51_8_2.cnf_0.05_1_1.intohylo,0.9304265975952148,0.7055938243865967,-1.0,-1.0,-1.0
QS51_8_2.cnf_0.05_1_2.intohylo,0.3159253597259521,1.0723612308502195,-1.0,-1.0,-1.0
QS51_8_2.cnf_0.05_3_1.intohylo,0.3219375610351562,1.208247423171997,-1.0,-1.0,-1.0
QS51_8_2.cnf_0.05_3_2.intohylo,0.4500980377197265,1.066361904144287,-1.0,-1.0,-1.0
QS51_8_2.cnf_0.0_0_1.intohylo,0.2860803604125976,0.4763352870941162,2.096181154251098,-1.0,-1.0
QS51_8_2.cnf_0.1_1_1.intohylo,0.8576812744140625,4.071170091629028,-1.0,-1.0,-1.0
QS51_8_2.cnf_0.1_1_2.intohylo,0.9489457607269288,1.8078932762146,-1.0,-1.0,-1.0
QS51_8_2.cnf_1.0_1_1.intohylo,26.760245323181152,6.053804636001587,-1.0,-1.0,-1.0
QS51_8_3.cnf_0.01_1_1.intohylo,0.6274995803833008,1.4368352890014648,8.784184455871582,-1.0,-1.0
QS51_8_3.cnf_0.01_1_2.intohylo,0.4137096405029297,1.394000768661499,7.681062936782837,-1.0,-1.0
QS51_8_3.cnf_0.01_3_1.intohylo,0.588172197341919,2.0558433532714844,8.661138534545898,-1.0,-1.0
QS51_8_3.cnf_0.01_3_2.intohylo,0.5049254894256592,2.170257329940796,8.513647317886353,-1.0,-1.0
QS51_8_3.cnf_0.05_1_1.intohylo,5.243756771087647,2.7255029678344727,-1.0,-1.0,-1.0
QS51_8_3.cnf_0.05_1_2.intohylo,6.754986763000488,1.808826208114624,-1.0,-1.0,-1.0
QS51_8_3.cnf_0.05_3_1.intohylo,3.2393720149993896,2.40645170211792,-1.0,-1.0,-1.0
QS51_8_3.cnf_0.05_3_2.intohylo,3.3881397247314453,2.626340627670288,-1.0,-1.0,-1.0
QS51_8_3.cnf_0.0_0_1.intohylo,0.5443801879882812,1.2415237426757812,5.092421770095825,-1.0,-1.0
QS51_8_3.cnf_0.1_1_1.intohylo,2.334400653839112,8.091947555541992,-1.0,-1.0,-1.0
QS51_8_3.cnf_0.1_1_2.intohylo,1.9721426963806152,6.878319025039673,-1.0,-1.0,-1.0
QS51_8_3.cnf_1.0_1_1.intohylo,-1.0,13.772298097610474,-1.0,-1.0,-1.0
QS51_8_4.cnf_0.01_1_1.intohylo,2.9205098152160645,2.821781873703003,17.466485738754272,-1.0,-1.0
QS51_8_4.cnf_0.01_1_2.intohylo,0.6955451965332031,2.932281017303467,16.510284423828125,-1.0,-1.0
QS51_8_4.cnf_0.01_3_1.intohylo,1.9047775268554688,4.58707594871521,16.43510413169861,-1.0,-1.0
QS51_8_4.cnf_0.01_3_2.intohylo,1.2287695407867432,3.869119644165039,16.24923062324524,-1.0,-1.0
QS51_8_4.cnf_0.05_1_1.intohylo,23.999993562698364,3.387457132339477,-1.0,-1.0,-1.0
QS51_8_4.cnf_0.05_1_2.intohylo,-1.0,-1.0,-1.0,-1.0,-1.0
QS51_8_4.cnf_0.05_3_1.intohylo,-1.0,8.283557653427124,-1.0,-1.0,-1.0
QS51_8_4.cnf_0.05_3_2.intohylo,-1.0,-1.0,-1.0,-1.0,-1.0
QS51_8_4.cnf_0.0_0_1.intohylo,1.6079933643341064,2.591402292251587,10.249312400817873,-1.0,-1.0
QS51_8_4.cnf_0.1_1_1.intohylo,7.548338413238525,14.876300573349,-1.0,-1.0,-1.0
QS51_8_4.cnf_0.1_1_2.intohylo,4.379412412643433,10.380447626113892,-1.0,-1.0,-1.0
QS51_8_4.cnf_1.0_1_1.intohylo,-1.0,26.10092806816101,-1.0,-1.0,-1.0
QS51_8_5.cnf_0.01_1_1.intohylo,1.456934928894043,5.16749906539917,24.33295106887817,-1.0,-1.0
QS51_8_5.cnf_0.01_1_2.intohylo,2.1534008979797363,5.968522787094116,26.809048414230347,-1.0,-1.0
QS51_8_5.cnf_0.01_3_1.intohylo,3.2847466468811035,6.352488517761231,26.12020206451416,-1.0,-1.0
QS51_8_5.cnf_0.01_3_2.intohylo,6.500338315963745,8.196779489517212,26.95125150680542,-1.0,-1.0
QS51_8_5.cnf_0.05_1_1.intohylo,-1.0,5.824638366699219,-1.0,-1.0,-1.0
QS51_8_5.cnf_0.05_1_2.intohylo,-1.0,15.208882331848145,-1.0,-1.0,-1.0
QS51_8_5.cnf_0.05_3_1.intohylo,-1.0,8.55797004699707,-1.0,-1.0,-1.0
QS51_8_5.cnf_0.05_3_2.intohylo,-1.0,12.700173377990724,-1.0,-1.0,-1.0
QS51_8_5.cnf_0.0_0_1.intohylo,1.2561731338500977,3.347423791885376,16.541171550750732,-1.0,-1.0
QS51_8_5.cnf_0.1_1_1.intohylo,20.617834329605103,17.490140199661255,-1.0,-1.0,-1.0
QS51_8_5.cnf_0.1_1_2.intohylo,15.139979124069214,18.078008890151978,-1.0,-1.0,-1.0
QS51_8_5.cnf_1.0_1_1.intohylo,-1.0,-1.0,-1.0,-1.0,-1.0
QS51_8_6.cnf_0.01_1_1.intohylo,1.1722934246063232,6.907201766967773,-1.0,-1.0,-1.0
QS51_8_6.cnf_0.01_1_2.intohylo,2.328907251358032,7.00307822227478,-1.0,-1.0,-1.0
QS51_8_6.cnf_0.01_3_1.intohylo,1.259824514389038,9.619950294494627,-1.0,-1.0,-1.0
QS51_8_6.cnf_0.01_3_2.intohylo,1.273545503616333,9.305469512939451,-1.0,-1.0,-1.0
QS51_8_6.cnf_0.05_1_1.intohylo,21.47804856300354,17.75299382209778,-1.0,-1.0,-1.0
QS51_8_6.cnf_0.05_1_2.intohylo,2.558174133300781,8.466613292694092,-1.0,-1.0,-1.0
QS51_8_6.cnf_0.05_3_1.intohylo,11.135623693466188,17.14371347427368,-1.0,-1.0,-1.0
QS51_8_6.cnf_0.05_3_2.intohylo,-1.0,15.140990734100342,-1.0,-1.0,-1.0
QS51_8_6.cnf_0.0_0_1.intohylo,2.129188537597656,5.750851392745972,-1.0,-1.0,-1.0
QS51_8_6.cnf_0.1_1_1.intohylo,-1.0,26.62994122505188,-1.0,-1.0,-1.0
QS51_8_6.cnf_0.1_1_2.intohylo,-1.0,-1.0,-1.0,-1.0,-1.0
QS51_8_6.cnf_1.0_1_1.intohylo,-1.0,-1.0,-1.0,-1.0,-1.0
QS52_5_1.cnf_0.01_1_1.intohylo,0.0325703620910644,0.0203452110290527,0.0908148288726806,-1.0,-1.0
QS52_5_1.cnf_0.01_1_2.intohylo,0.0215673446655273,0.0127568244934082,0.0790784358978271,-1.0,-1.0
QS52_5_1.cnf_0.01_3_1.intohylo,0.0178298950195312,0.0135910511016845,0.0766918659210205,-1.0,-1.0
QS52_5_1.cnf_0.01_3_2.intohylo,0.0189254283905029,0.0143907070159912,0.0847179889678955,-1.0,-1.0
QS52_5_1.cnf_0.05_1_1.intohylo,0.0213391780853271,0.0183658599853515,0.2300517559051513,-1.0,-1.0
QS52_5_1.cnf_0.05_1_2.intohylo,0.0214924812316894,0.020719289779663,0.1555266380310058,-1.0,-1.0
QS52_5_1.cnf_0.05_3_1.intohylo,0.0209262371063232,0.0170543193817138,0.1478350162506103,-1.0,-1.0
QS52_5_1.cnf_0.05_3_2.intohylo,0.0217041969299316,0.0174207687377929,0.1653609275817871,-1.0,-1.0
QS52_5_1.cnf_0.0_0_1.intohylo,0.020486831665039,0.0136892795562744,0.0714457035064697,-1.0,18.861993312835693
QS52_5_1.cnf_0.1_1_1.intohylo,0.0218265056610107,0.0301549434661865,0.4410557746887207,-1.0,-1.0
QS52_5_1.cnf_0.1_1_2.intohylo,0.0225195884704589,0.0228712558746337,0.4384236335754394,-1.0,-1.0
QS52_5_1.cnf_1.0_1_1.intohylo,0.1170880794525146,0.071500539779663,15.92794418334961,-1.0,-1.0
QS52_5_2.cnf_0.01_1_1.intohylo,0.0340607166290283,0.0244007110595703,0.1427140235900879,-1.0,-1.0
QS52_5_2.cnf_0.01_1_2.intohylo,0.0292205810546875,0.0261664390563964,0.1271963119506836,-1.0,-1.0
QS52_5_2.cnf_0.01_3_1.intohylo,0.029900312423706,0.0265679359436035,0.123478889465332,-1.0,-1.0
QS52_5_2.cnf_0.01_3_2.intohylo,0.0302069187164306,0.0264313220977783,0.1251072883605957,-1.0,-1.0
QS52_5_2.cnf_0.05_1_1.intohylo,0.0320229530334472,0.0393781661987304,0.4133539199829101,-1.0,-1.0
QS52_5_2.cnf_0.05_1_2.intohylo,0.0329124927520751,0.0311934947967529,0.4406232833862304,-1.0,-1.0
QS52_5_2.cnf_0.05_3_1.intohylo,0.0350713729858398,0.036076545715332,0.3897609710693359,-1.0,-1.0
QS52_5_2.cnf_0.05_3_2.intohylo,0.0342967510223388,0.0426828861236572,0.5765764713287354,-1.0,-1.0
QS52_5_2.cnf_0.0_0_1.intohylo,0.032947301864624,0.0289325714111328,0.1127171516418457,-1.0,-1.0
QS52_5_2.cnf_0.1_1_1.intohylo,0.0563416481018066,0.0679273605346679,1.6937260627746582,-1.0,-1.0
QS52_5_2.cnf_0.1_1_2.intohylo,0.0376911163330078,0.0578804016113281,1.455162525177002,-1.0,-1.0
QS52_5_2.cnf_1.0_1_1.intohylo,0.5007040500640869,0.1874961853027343,-1.0,-1.0,-1.0
QS53_7_1.cnf_0.01_1_1.intohylo,0.074167251586914,0.0585465431213378,0.2735800743103027,-1.0,-1.0
QS53_7_1.cnf_0.01_1_2.intohylo,0.0653846263885498,0.0605132579803466,0.2914743423461914,-1.0,-1.0
QS53_7_1.cnf_0.01_3_1.intohylo,0.0574479103088378,0.134918212890625,0.3379895687103271,-1.0,-1.0
QS53_7_1.cnf_0.01_3_2.intohylo,1.2695269584655762,0.0789771080017089,0.3165192604064941,-1.0,-1.0
QS53_7_1.cnf_0.05_1_1.intohylo,0.04966473579406738,0.0760653018951416,1.6781704425811768,-1.0,-1.0
QS53_7_1.cnf_0.05_1_2.intohylo,0.0678248405456543,0.0769851207733154,1.6315069198608398,-1.0,-1.0
QS53_7_1.cnf_0.05_3_1.intohylo,0.081716775894165,0.1187360286712646,2.1787593364715576,-1.0,-1.0
QS53_7_1.cnf_0.05_3_2.intohylo,0.0617871284484863,0.0856437683105468,1.5367844104766846,-1.0,-1.0
QS53_7_1.cnf_0.0_0_1.intohylo,0.0532333850860595,0.0475454330444335,0.2218275070190429,-1.0,-1.0
QS53_7_1.cnf_0.1_1_1.intohylo,0.0769085884094238,0.1546733379364013,6.846836805343628,-1.0,-1.0
QS53_7_1.cnf_0.1_1_2.intohylo,0.0886549949645996,0.1408400535583496,8.629541635513306,-1.0,-1.0
QS53_7_1.cnf_1.0_1_1.intohylo,1.2854759693145752,0.5537765026092529,-1.0,-1.0,-1.0
QS53_7_2.cnf_0.01_1_1.intohylo,0.09852957725524902,0.2121922969818115,1.0373220443725586,-1.0,-1.0
QS53_7_2.cnf_0.01_1_2.intohylo,0.042198896408081055,0.1804416179656982,0.9818181991577148,-1.0,-1.0
QS53_7_2.cnf_0.01_3_1.intohylo,6.652331352233887,0.2590525150299072,1.0996160507202148,-1.0,-1.0
QS53_7_2.cnf_0.01_3_2.intohylo,3.734822988510132,0.2196214199066162,1.0293858051300049,-1.0,-1.0
QS53_7_2.cnf_0.05_1_1.intohylo,0.1345844268798828,0.2820663452148437,8.379680156707764,-1.0,-1.0
QS53_7_2.cnf_0.05_1_2.intohylo,0.1439962387084961,0.2763161659240722,7.893032789230347,-1.0,-1.0
QS53_7_2.cnf_0.05_3_1.intohylo,0.1522595882415771,0.3232812881469726,7.538761615753174,-1.0,-1.0
QS53_7_2.cnf_0.05_3_2.intohylo,0.1300632953643798,0.2979257106781006,7.307668685913086,-1.0,-1.0
QS53_7_2.cnf_0.0_0_1.intohylo,0.1082572937011718,0.1595079898834228,0.684053897857666,-1.0,-1.0
QS53_7_2.cnf_0.1_1_1.intohylo,0.306375503540039,0.3054587841033935,-1.0,-1.0,-1.0
QS53_7_2.cnf_0.1_1_2.intohylo,0.3226470947265625,0.3853285312652588,-1.0,-1.0,-1.0
QS53_7_2.cnf_1.0_1_1.intohylo,5.267725706100464,1.8826792240142824,-1.0,-1.0,-1.0
QS54_4_1.cnf_0.01_1_1.intohylo,0.0241644382476806,0.0104284286499023,0.0668172836303711,-1.0,0.0458950996398925
QS54_4_1.cnf_0.01_1_2.intohylo,0.0107874870300292,0.0076949596405029,0.0526516437530517,8.19707989692688,0.0468916893005371
QS54_4_1.cnf_0.01_3_1.intohylo,0.0105526447296142,0.008091926574707,0.0537118911743164,8.182932138442993,0.0861527919769287
QS54_4_1.cnf_0.01_3_2.intohylo,0.0102157592773437,0.0075500011444091,0.053802490234375,9.814666032791138,0.0693869590759277
QS54_4_1.cnf_0.05_1_1.intohylo,0.0111372470855712,0.0085844993591308,0.0653529167175293,-1.0,0.2636387348175049
QS54_4_1.cnf_0.05_1_2.intohylo,0.0106537342071533,0.0081167221069335,0.0641884803771972,-1.0,0.1151130199432373
QS54_4_1.cnf_0.05_3_1.intohylo,0.0116050243377685,0.0093011856079101,0.0723521709442138,-1.0,7.234559297561645
QS54_4_1.cnf_0.05_3_2.intohylo,0.0110876560211181,0.0092055797576904,0.0629985332489013,-1.0,2.877373695373535
QS54_4_1.cnf_0.0_0_1.intohylo,0.0103034973144531,0.0073301792144775,0.0527539253234863,2.8457608222961426,0.0453438758850097
QS54_4_1.cnf_0.1_1_1.intohylo,0.0110015869140625,0.0098738670349121,0.0867261886596679,-1.0,1.2079899311065674
QS54_4_1.cnf_0.1_1_2.intohylo,0.0118422508239746,0.0101814270019531,0.0935349464416503,-1.0,3.031898021697998
QS54_4_1.cnf_1.0_1_1.intohylo,0.0251588821411132,0.0194833278656005,1.3018107414245603,-1.0,-1.0
QS54_4_2.cnf_0.01_1_1.intohylo,0.0145463943481445,0.0105102062225341,0.0655550956726074,-1.0,0.2308416366577148
QS54_4_2.cnf_0.01_1_2.intohylo,0.0154783725738525,0.010066270828247,0.0660560131072998,-1.0,0.2257323265075683
QS54_4_2.cnf_0.01_3_1.intohylo,0.014808177947998,0.0106317996978759,0.0624926090240478,-1.0,0.4263525009155273
QS54_4_2.cnf_0.01_3_2.intohylo,0.0143992900848388,0.0105085372924804,0.0652401447296142,-1.0,0.5888936519622803
QS54_4_2.cnf_0.05_1_1.intohylo,0.0154690742492675,0.0116162300109863,0.1140756607055664,-1.0,1.645091533660889
QS54_4_2.cnf_0.05_1_2.intohylo,0.0152759552001953,0.0118000507354736,0.1007091999053955,-1.0,2.0452232360839844
QS54_4_2.cnf_0.05_3_1.intohylo,0.016880989074707,0.0125942230224609,0.1105885505676269,-1.0,-1.0
QS54_4_2.cnf_0.05_3_2.intohylo,0.0174195766448974,0.0137519836425781,0.1110885143280029,-1.0,-1.0
QS54_4_2.cnf_0.0_0_1.intohylo,0.0148043632507324,0.0098567008972167,0.0601656436920166,-1.0,0.1737515926361084
QS54_4_2.cnf_0.1_1_1.intohylo,0.0169684886932373,0.0150437355041503,0.1660072803497314,-1.0,-1.0
QS54_4_2.cnf_0.1_1_2.intohylo,0.0179445743560791,0.0141394138336181,0.2130720615386963,-1.0,-1.0
QS54_4_2.cnf_1.0_1_1.intohylo,0.0933194160461425,0.0382037162780761,9.335779905319214,-1.0,-1.0
QS55_8_1.cnf_0.01_1_1.intohylo,0.1297247409820556,0.1693840026855468,0.9377098083496094,-1.0,-1.0
QS55_8_1.cnf_0.01_1_2.intohylo,0.1533114910125732,0.170633316040039,0.8500609397888184,-1.0,-1.0
QS55_8_1.cnf_0.01_3_1.intohylo,0.1082587242126464,0.1897308826446533,0.8279378414154053,-1.0,-1.0
QS55_8_1.cnf_0.01_3_2.intohylo,0.1306128501892089,0.2146332263946533,0.7736208438873291,-1.0,-1.0
QS55_8_1.cnf_0.05_1_1.intohylo,0.1091089248657226,0.208467960357666,6.141065835952759,-1.0,-1.0
QS55_8_1.cnf_0.05_1_2.intohylo,0.1694056987762451,0.1817452907562255,5.486993312835693,-1.0,-1.0
QS55_8_1.cnf_0.05_3_1.intohylo,0.1225724220275878,0.2675225734710693,6.026080846786499,-1.0,-1.0
QS55_8_1.cnf_0.05_3_2.intohylo,0.1185412406921386,0.2556357383728027,5.0897057056427,-1.0,-1.0
QS55_8_1.cnf_0.0_0_1.intohylo,0.0973117351531982,0.1175909042358398,0.5273008346557617,-1.0,-1.0
QS55_8_1.cnf_0.1_1_1.intohylo,0.2452893257141113,0.4486026763916015,26.26078653335572,-1.0,-1.0
QS55_8_1.cnf_0.1_1_2.intohylo,0.1895539760589599,0.4059951305389404,21.815935611724854,-1.0,-1.0
QS55_8_1.cnf_1.0_1_1.intohylo,3.5127205848693848,1.520273208618164,-1.0,-1.0,-1.0
QS55_8_2.cnf_0.01_1_1.intohylo,0.2519130706787109,0.5486280918121338,3.083127737045288,-1.0,-1.0
QS55_8_2.cnf_0.01_1_2.intohylo,0.2283861637115478,0.5373237133026123,2.9781947135925293,-1.0,-1.0
QS55_8_2.cnf_0.01_3_1.intohylo,0.2479856014251709,0.6882710456848145,3.557971954345703,-1.0,-1.0
QS55_8_2.cnf_0.01_3_2.intohylo,0.2392897605895996,0.7718141078948975,3.1302521228790283,-1.0,-1.0
QS55_8_2.cnf_0.05_1_1.intohylo,0.3231627941131592,0.6667299270629883,-1.0,-1.0,-1.0
QS55_8_2.cnf_0.05_1_2.intohylo,0.29353928565979,0.6459016799926758,-1.0,-1.0,-1.0
QS55_8_2.cnf_0.05_3_1.intohylo,0.2736940383911133,0.8606524467468262,27.805402040481567,-1.0,-1.0
QS55_8_2.cnf_0.05_3_2.intohylo,0.2746460437774658,0.8864872455596924,-1.0,-1.0,-1.0
QS55_8_2.cnf_0.0_0_1.intohylo,0.2523086071014404,0.4337706565856933,1.8714301586151123,-1.0,-1.0
QS55_8_2.cnf_0.1_1_1.intohylo,1.0086233615875244,1.4785680770874023,-1.0,-1.0,-1.0
QS55_8_2.cnf_0.1_1_2.intohylo,0.8537652492523193,4.700132608413696,-1.0,-1.0,-1.0
QS55_8_2.cnf_1.0_1_1.intohylo,19.662441730499268,5.794878721237183,-1.0,-1.0,-1.0
QS55_8_3.cnf_0.01_1_1.intohylo,0.4472396373748779,1.2885019779205322,7.502768993377685,-1.0,-1.0
QS55_8_3.cnf_0.01_1_2.intohylo,0.4377617835998535,1.2812964916229248,7.962585926055908,-1.0,-1.0
QS55_8_3.cnf_0.01_3_1.intohylo,0.4396617412567138,1.8338923454284668,7.673110485076904,-1.0,-1.0
QS55_8_3.cnf_0.01_3_2.intohylo,0.434520959854126,1.8674681186676023,7.624161958694458,-1.0,-1.0
QS55_8_3.cnf_0.05_1_1.intohylo,1.7333033084869385,2.653808355331421,-1.0,-1.0,-1.0
QS55_8_3.cnf_0.05_1_2.intohylo,1.055689811706543,1.8558900356292725,-1.0,-1.0,-1.0
QS55_8_3.cnf_0.05_3_1.intohylo,1.5753376483917236,2.354653596878052,-1.0,-1.0,-1.0
QS55_8_3.cnf_0.05_3_2.intohylo,5.704269170761108,2.214589834213257,-1.0,-1.0,-1.0
QS55_8_3.cnf_0.0_0_1.intohylo,0.5947909355163574,1.1037893295288086,4.737297534942627,-1.0,-1.0
QS55_8_3.cnf_0.1_1_1.intohylo,2.1648898124694824,3.1119823455810547,-1.0,-1.0,-1.0
QS55_8_3.cnf_0.1_1_2.intohylo,8.58972430229187,4.000573396682739,-1.0,-1.0,-1.0
QS55_8_3.cnf_1.0_1_1.intohylo,-1.0,12.38541841506958,-1.0,-1.0,-1.0
QS57_8_1.cnf_0.01_1_1.intohylo,0.1119630336761474,0.1466047763824463,0.7662055492401123,-1.0,-1.0
QS57_8_1.cnf_0.01_1_2.intohylo,0.0911586284637451,0.1308834552764892,0.7300236225128174,-1.0,-1.0
QS57_8_1.cnf_0.01_3_1.intohylo,0.0991559028625488,0.1923749446868896,0.779289722442627,-1.0,-1.0
QS57_8_1.cnf_0.01_3_2.intohylo,0.1053357124328613,0.1646881103515625,0.6748001575469971,-1.0,-1.0
QS57_8_1.cnf_0.05_1_1.intohylo,0.1050248146057128,0.2027080059051513,5.194572687149048,-1.0,-1.0
QS57_8_1.cnf_0.05_1_2.intohylo,0.1202175617218017,0.1880505084991455,5.503019571304321,-1.0,-1.0
QS57_8_1.cnf_0.05_3_1.intohylo,0.1328628063201904,0.2485299110412597,5.782269716262817,-1.0,-1.0
QS57_8_1.cnf_0.05_3_2.intohylo,0.1193604469299316,0.3220448493957519,6.4895899295806885,-1.0,-1.0
QS57_8_1.cnf_0.0_0_1.intohylo,0.1006271839141845,0.113699197769165,0.5333383083343506,-1.0,-1.0
QS57_8_1.cnf_0.1_1_1.intohylo,0.1833353042602539,0.4578666687011719,9.74191665649414,-1.0,-1.0
QS57_8_1.cnf_0.1_1_2.intohylo,0.2350320816040039,0.2997965812683105,-1.0,-1.0,-1.0
QS57_8_1.cnf_1.0_1_1.intohylo,3.861076593399048,1.4294681549072266,-1.0,-1.0,-1.0
QS57_8_2.cnf_0.01_1_1.intohylo,0.2809131145477295,0.5417313575744629,3.295478820800781,-1.0,-1.0
QS57_8_2.cnf_0.01_1_2.intohylo,0.2227082252502441,0.4973931312561035,3.196640014648437,-1.0,-1.0
QS57_8_2.cnf_0.01_3_1.intohylo,0.2275974750518798,0.745520830154419,2.99879789352417,-1.0,-1.0
QS57_8_2.cnf_0.01_3_2.intohylo,0.2533445358276367,0.7739408016204834,2.96967887878418,-1.0,-1.0
QS57_8_2.cnf_0.05_1_1.intohylo,0.2985334396362304,0.7479510307312012,-1.0,-1.0,-1.0
QS57_8_2.cnf_0.05_1_2.intohylo,0.3120057582855224,0.634509801864624,-1.0,-1.0,-1.0
QS57_8_2.cnf_0.05_3_1.intohylo,0.3283507823944092,0.8885517120361328,-1.0,-1.0,-1.0
QS57_8_2.cnf_0.05_3_2.intohylo,0.3283514976501465,0.8547723293304443,25.120095252990723,-1.0,-1.0
QS57_8_2.cnf_0.0_0_1.intohylo,0.2641334533691406,0.4522781372070312,2.00339937210083,-1.0,-1.0
QS57_8_2.cnf_0.1_1_1.intohylo,0.6695189476013184,1.6043212413787842,-1.0,-1.0,-1.0
QS57_8_2.cnf_0.1_1_2.intohylo,0.8351049423217773,2.667513608932495,-1.0,-1.0,-1.0
QS57_8_2.cnf_1.0_1_1.intohylo,20.310863494873047,5.329859018325806,-1.0,-1.0,-1.0
QS57_8_3.cnf_0.01_1_1.intohylo,0.3972113132476806,1.1089940071105957,7.47063684463501,-1.0,-1.0
QS57_8_3.cnf_0.01_1_2.intohylo,0.3676474094390869,1.2283642292022705,6.885694265365601,-1.0,-1.0
QS57_8_3.cnf_0.01_3_1.intohylo,0.3773610591888428,1.8056883811950684,7.081835031509399,-1.0,-1.0
QS57_8_3.cnf_0.01_3_2.intohylo,0.379443883895874,1.7771124839782717,8.630968570709229,-1.0,-1.0
QS57_8_3.cnf_0.05_1_1.intohylo,0.5117747783660889,1.4434316158294678,-1.0,-1.0,-1.0
QS57_8_3.cnf_0.05_1_2.intohylo,0.5451993942260742,1.5706686973571775,-1.0,-1.0,-1.0
QS57_8_3.cnf_0.05_3_1.intohylo,0.5052499771118164,1.9531264305114744,-1.0,-1.0,-1.0
QS57_8_3.cnf_0.05_3_2.intohylo,0.60923171043396,1.9610481262207031,-1.0,-1.0,-1.0
QS57_8_3.cnf_0.0_0_1.intohylo,0.4026901721954345,0.9720702171325684,4.2583630084991455,-1.0,-1.0
QS57_8_3.cnf_0.1_1_1.intohylo,2.2302207946777344,2.884529829025269,-1.0,-1.0,-1.0
QS57_8_3.cnf_0.1_1_2.intohylo,1.8113617897033687,5.893953084945679,-1.0,-1.0,-1.0
QS57_8_3.cnf_1.0_1_1.intohylo,-1.0,21.828007459640503,-1.0,-1.0,-1.0
QS57_8_4.cnf_0.01_1_1.intohylo,0.766977071762085,2.7701361179351807,14.190689086914062,-1.0,-1.0
QS57_8_4.cnf_0.01_1_2.intohylo,0.6103408336639404,2.3582534790039062,13.060378313064575,-1.0,-1.0
QS57_8_4.cnf_0.01_3_1.intohylo,0.6079707145690918,3.4323394298553467,15.061516284942629,-1.0,-1.0
QS57_8_4.cnf_0.01_3_2.intohylo,0.6042912006378174,3.347095727920532,13.865150928497314,-1.0,-1.0
QS57_8_4.cnf_0.05_1_1.intohylo,0.9147520065307616,2.801090717315674,-1.0,-1.0,-1.0
QS57_8_4.cnf_0.05_1_2.intohylo,1.0190739631652832,3.558898448944092,-1.0,-1.0,-1.0
QS57_8_4.cnf_0.05_3_1.intohylo,0.9747769832611084,3.677011966705322,-1.0,-1.0,-1.0
QS57_8_4.cnf_0.05_3_2.intohylo,1.0949418544769287,3.783524036407471,-1.0,-1.0,-1.0
QS57_8_4.cnf_0.0_0_1.intohylo,0.667731761932373,1.8844940662384035,8.0735023021698,-1.0,-1.0
QS57_8_4.cnf_0.1_1_1.intohylo,14.39542031288147,4.60125207901001,-1.0,-1.0,-1.0
QS57_8_4.cnf_0.1_1_2.intohylo,8.270618200302124,7.170946359634399,-1.0,-1.0,-1.0
QS57_8_4.cnf_1.0_1_1.intohylo,-1.0,21.55894875526428,-1.0,-1.0,-1.0
QS57_8_5.cnf_0.01_1_1.intohylo,0.7798283100128174,4.553788185119629,24.35534977912903,-1.0,-1.0
QS57_8_5.cnf_0.01_1_2.intohylo,0.8609921932220459,3.944124460220337,23.06700325012207,-1.0,-1.0
QS57_8_5.cnf_0.01_3_1.intohylo,0.7340700626373291,5.434843301773071,23.67757272720337,-1.0,-1.0
QS57_8_5.cnf_0.01_3_2.intohylo,0.8514213562011719,5.444274425506592,22.46103453636169,-1.0,-1.0
QS57_8_5.cnf_0.05_1_1.intohylo,1.5394556522369385,5.2115795612335205,-1.0,-1.0,-1.0
QS57_8_5.cnf_0.05_1_2.intohylo,1.3594613075256348,5.05770206451416,-1.0,-1.0,-1.0
QS57_8_5.cnf_0.05_3_1.intohylo,1.3962976932525637,6.779113292694092,-1.0,-1.0,-1.0
QS57_8_5.cnf_0.05_3_2.intohylo,1.376516342163086,6.437335252761841,-1.0,-1.0,-1.0
QS57_8_5.cnf_0.0_0_1.intohylo,0.8584578037261963,3.3256537914276123,13.473438262939451,-1.0,-1.0
QS57_8_5.cnf_0.1_1_1.intohylo,-1.0,11.431029081344604,-1.0,-1.0,-1.0
QS57_8_5.cnf_0.1_1_2.intohylo,20.983731269836422,14.699289798736572,-1.0,-1.0,-1.0
QS57_8_5.cnf_1.0_1_1.intohylo,-1.0,-1.0,-1.0,-1.0,-1.0
QS57_8_6.cnf_0.01_1_1.intohylo,1.122159481048584,6.407179117202759,-1.0,-1.0,-1.0
QS57_8_6.cnf_0.01_1_2.intohylo,1.0827851295471191,5.893240928649902,-1.0,-1.0,-1.0
QS57_8_6.cnf_0.01_3_1.intohylo,1.0483016967773438,8.78763198852539,-1.0,-1.0,-1.0
QS57_8_6.cnf_0.01_3_2.intohylo,1.0628483295440674,8.742281436920166,-1.0,-1.0,-1.0
QS57_8_6.cnf_0.05_1_1.intohylo,1.9933390617370603,7.516583681106567,-1.0,-1.0,-1.0
QS57_8_6.cnf_0.05_1_2.intohylo,1.865758895874024,7.138476610183716,-1.0,-1.0,-1.0
QS57_8_6.cnf_0.05_3_1.intohylo,2.429002523422241,9.842144012451172,-1.0,-1.0,-1.0
QS57_8_6.cnf_0.05_3_2.intohylo,1.624157190322876,9.313125371932983,-1.0,-1.0,-1.0
QS57_8_6.cnf_0.0_0_1.intohylo,1.060776948928833,4.75153112411499,25.596593141555783,-1.0,-1.0
QS57_8_6.cnf_0.1_1_1.intohylo,-1.0,15.009911060333252,-1.0,-1.0,-1.0
QS57_8_6.cnf_0.1_1_2.intohylo,-1.0,17.569382190704346,-1.0,-1.0,-1.0
QS57_8_6.cnf_1.0_1_1.intohylo,-1.0,-1.0,-1.0,-1.0,-1.0
